ResponseID,cell,n_flags,args,NoGovCompensate_Reason
R_21hxTR6Q9l757zJ,Base case,3,"public_burden, mitigation","Why should the taxpayer pay for his stupidity, when he should’ve installed a fireproof roof"
R_1HddG73EQ60B9LC,Base case,3,"public_burden, foreknowledge",Why should my tax money pay for him to be able to repair his home? He knew the risks of staying where ever it is he stays. And if he didn't that is his own fault not mine.
R_3h6Im2BaJd7JMcx,Base case,2,"mitigation, responsibility",Alex made no effort to protect his him. he is liable
R_3dZjGygpk3qPQXU,Base case,2,"insurance, responsibility",No insurance so this is fully the homeowners responsibility
R_Ol30srdE5URN7a1,Base case,2,public_burden,"If the government bailed everyone out, no one would buy insurance"
R_1r1TwONoBK0yaTk,Base case,2,insurance,Sam could have done more to protect his home and he could have gotten insurance and he could have gotten insurance
R_2YzWBbsHkHGcX0K,Base case,2,public_burden,"Government is not responsible for everything, not their job"
R_6WhcXj4vVlxFvpv,Base case,2,"insurance, public_burden",He should have taken out insurance for his home. It is not our responsibility to pay for the damage.
R_2ql88SDdJzhM3j5,Base case,2,"mitigation, responsibility",Because being the homeowner it is his responsibility to take measures to protect his property.
R_afWuvvaTKijTVeh,Base case,2,"mitigation, insurance","he didn't have insurance for fires, which is very unusual, and he made no effort to prepare his home and property in case of a wildfire."
R_1hKlD1RKUlQnk48,Base case,2,"responsibility, public_burden",You are responsible for your decisions about your property not the taxpayer
R_Rl7BWg2rF6hXJf3,Base case,2,responsibility,Personal responsibility has to become the norm. The government only has money that it takes from us and they are incredibly inefficient at managing it.
R_1MMxqRlZDO3gDDL,Base case,2,"insurance, public_burden","I do not believe ""disaster relief"" is a legitimate function of government; therefore, paying individuals who fail to provide adequate insurance for their property is wrong."
R_2tonYYRcSp2WHmc,Base case,2,"mitigation, insurance",She didn't clear shrubbery from around her house and she didn't get fired insurance
R_2eQOvOfWBJ5mWEt,Base case,2,"mitigation, responsibility",Alex was aware even though he never experiences one he should have been prepared to deal with the possibility it could happen and most town have alerts on how the fire is moving.
R_31HkfLSMnBWkr8m,Base case,2,"insurance, public_burden",My answer is based on Stossel video saying HE was reimbursed fully and he shoujldn't have been. We can't afford this anymore. Gov't pays when private insurance WON'T. What does that tell you? And rebuilding too close to a river that floods. Gov't does it. I am a retired fed civilian worker. We cannot AFFORD all this stuff.
R_AMLUrRa5ckAOAyl,Base case,2,"responsibility, public_burden",The Government shouldn't have to help pay the mistakes we did to ourselves. It's our responsibility and I would rather the Government use the tax money on the elderly and Veterans
R_1Oy7mX418Zt2uPV,Base case,2,insurance,because it is his fault that not have insurance
R_DT4nHNjJ5Fk3PZT,Base case,1,mitigation,The cost belongs to Sam as he did nothing to prevent the loss.
R_1jOmwPZE4wk3h9p,Base case,1,mitigation,he should have been better prepared
R_6l4ieoJ6OlMplSh,Base case,1,unclear,I don't care
R_10N04alH7OiPr8G,Base case,1,responsibility,Sam should be responsible
R_1d76d552EtqdEJq,Base case,1,public_burden,not for them to do
R_2wvLpOoDhQmffno,Base case,1,insurance,Because he can have had insurance
R_x3gyuWv3HyWQcdX,Base case,1,unclear,There were only two answers to choose from
R_3LXtd6mlLvxXQI6,Base case,1,insurance,that's what insurance is for
R_sZJ221xl2sIyaWJ,Base case,1,responsibility,you are responsibel for your own bills
R_29oDRRCIpCA3Hdo,Base case,1,mitigation,I think the homeowner should do all that they can do maintain and prevent loss of their home during a crisis.
R_2tbYusW2Q3Melp0,Base case,1,public_burden,not with my tax dollars
R_Bzi41FypcO6L31v,Base case,1,responsibility,People need to be accountable for their own actions or lack of action.
R_2Cy9PFdJwV0tjkE,Base case,1,insurance,He should have had insurance
R_3hcmxlGGIzdGU2v,Base case,1,mitigation,Owner should have taken reasonable precautions to prevent fire
R_3fOuSbJBz0CnpiI,Base case,1,mitigation,The homeowner should have taken the preventative measures to protect his home as much as he possibly could
R_2BzVNeFphaPHPA1,Base case,1,mitigation,It seems that Alex did not take necessary steps to protect his home
R_2E4BHPCXGS5V5jZ,Base case,1,public_burden,shouldn't use taxpayer funds for damage
R_3Xinf2UEGBpuVSp,Base case,1,mitigation,Alex did not act to protect his house from wild fire
R_Dor79Lu8XatMAdb,Base case,1,mitigation,He didn't take the proper protection methods.
R_2aspkPayS6zyI0z,Base case,1,mitigation,Because she did not do her part in protecting her home.
R_2Qtw88lohvqQ6Rb,Base case,1,mitigation,He did not take simple precautions.
R_31iqoq3MuUsayqN,Base case,1,mitigation,Should've taken precautions
R_2rwS2xUMfHglzBe,Base case,1,mitigation,lack of fire prevention
R_2WwgGeZLNfCFLEK,Base case,1,insurance,Insurance should have covered
R_8j4V1vqYzb9MFDb,Base case,1,insurance,He should have bought flood insurance
R_U9JBbTNRbUAO1vr,Base case,1,mitigation,He is not cleaning around
R_1HpkikDFmMZJu1G,Base case,1,mitigation,"it's a private property, he could hav e prevented it also"
R_OxpNv021qNbUUg1,Base case,1,foreknowledge,Al gambled and lost
R_33rtD8YhWNEvbFx,Base case,1,"mitigation, insurance",he should have raised the house or got insurance
R_1dMHz8Vt86QXKtf,Base case,1,mitigation,He didn't make preparations for this possible damage
R_tR0nO5HxnBrPDlD,Base case,1,responsibility,It was Alex's fault
R_1roGPSyOxrchbJm,Base case,1,mitigation,He did not take proper actions to prevent loss
R_1gdcP5LjqqKhYJE,Base case,1,mitigation,Because he didn't do any prevention measures
R_1oBbxtx1E8elYWg,Base case,1,mitigation,"He didn't do what was required as a homeowner, so he took a chance and lost"
R_416l3YviTnbfQI1,Base case,1,insurance,He should be require to obtain a fire insuranxce policy
R_3PaF0t7tS7ncCM1,Base case,1,insurance,why did he not insure the house
R_2ri642y9QtNF1XF,Base case,1,responsibility,homeowner is responsible
R_3ma6QB7DShuXUYh,Base case,1,responsibility,Homeowners error
R_2qqi3D9QbvKvfHZ,Base case,1,insurance,He should have insurance
R_3MzpxKDb8zwkxvc,Base case,1,mitigation,"Its like California, he didn't take the appropriate precautions to keep this from happening. If he had installed the roof and removed the brush, I would say yes. Things have to be done so bad things don't happen."
R_3qN8nimRyPIFgtP,Base case,1,responsibility,I believe people should be responsible for themselves
R_2s0YtNossyfo8aD,Base case,1,"mitigation, insurance",He should have had insurance and cleaned his property
R_Z8k0CGsxAYJ74AN,Base case,1,insurance,homeowner should buy insurance just like we suppose to buy health;car insurance
R_3kHO4NZZA1ZBqXq,Base case,1,"mitigation, foreknowledge",Because he wasn't prepared to update his house due to environment
R_3NwZRfM5V2CSv4E,Base case,1,mitigation,he did not make an effort to protect his home
R_1ezMS89eYprf5oz,Base case,1,public_burden,Government is not charity
R_3DdXpJeo2LgKyTc,Base case,1,insurance,"It's property, it needs to be insured"
R_SN3i8GyJ42yPcvn,Base case,1,public_burden,Because they should have another fund for that
R_r1rTuWYryYEhK9P,Base case,1,responsibility,Homeowner is and should be responsible for his own place
R_3m8EH16mI7NgkSY,Base case,1,responsibility,Poor planning on Alex's part
R_3CK1VzfoDnrfnqB,Base case,1,mitigation,he should have prepared for the possobility of a wildfire
R_Zwz5LIl4YxPCeD7,Base case,1,mitigation,Everyone should do something to help mitigate any possible damage regardless of the probability of natural disaster.
R_1mIUjos2Uk1dumH,Base case,1,responsibility,IT IS HIS LOSS
R_xg5q5tdBljvP4jL,Base case,1,unclear,No particular reason
R_ZyF5bwz2DNSaTRL,Base case,1,responsibility,Homeowners expense type situation.
R_1didFdnH0Nhuu8K,Base case,1,mitigation,Because he could've taken preemptive measures to address the potential problem
R_2e8xMTykSWxcVFi,Base case,1,mitigation,The proper precausion to prevent the damages was not done.
R_2aXBs8iuuHEbkaH,Base case,1,unclear,I don't know.
R_vjhUYwZcOX35AEF,Base case,1,mitigation,He neglected to make updates to his roof
R_22M2KdNUIosiIAY,Base case,1,insurance,As the home owner you should review your insurance policies and have coverage you need even if you never use it.
R_2CBMWjCWXYV7cUy,Base case,1,public_burden,I do not think the government’s job is to hand out money. People should take care of each other.
R_2Uh20E8XW4GSTyY,Base case,1,unclear,I'm not sure
R_3iz4i3gAylUGzEl,Base case,1,responsibility,Alex is the owner and Alex is responsible for his home
R_1LIjM7kMKDAOFDV,Base case,1,mitigation,He did nothing to prevent it
R_2Yt9M0BvdAdWKWz,Base case,0,responsibility,There is always risk of a disaster no matter how remote
R_1hR0cjD4n0KmXog,Base case,0,unclear,Laws are in place
R_3MfKfLRYMBkVUaA,Base case,0,unclear,Odds of damage is low
R_1hFM929l2EMNyh1,Base case,0,responsibility,He knew what he needed to do and chose not to do it.
R_1illiun6EGJxwlO,Base case,0,responsibility,Alex bears a majority of this unfortunate incident
R_3C0cgcWhK3DD3DX,Base case,0,unclear,They should use federal funds
R_qWadSvYRbMtWAbn,Base case,0,unclear,he didn’t move out improve
R_dbAojpourDHWGtz,Base case,0,unclear,No pass a bill and a set Amy
R_1QrtJwcDWNplZaE,Base case,0,responsibility,It is the risk that Alex choose
R_2ZULkIumCogsUu0,Base case,0,unclear,They shouldn’t
R_1H8KXFEQi3hA0BW,Base case,0,"public_burden, responsibility","i would be ok with a government grant but t o just give away 250,000 because he had damage is not right."
R_1GIsU8jOEyIfNYZ,Base case,0,"responsibility, mitigation",Owner could have taken steps to motivate the.damage
R_1OlyIc7Ckd5HVqr,Base case,0,responsibility,His failure to be safety aware
R_1DC1A94im5xD0cb,Base case,0,responsibility,He should have taken care of this prior
R_1PbMIuGjDJcjZGd,Base case,0,responsibility,Because he allowed there to be unsafe situations that could be considered fire hazards
R_YaVbUCgyc2UU3Bf,Base case,0,responsibility,Because Alex didn't follow all the environmental wildfire safety rules.
R_2XaribCCnFD3drm,Primary × info,4,foreknowledge,"Given the recent (5 yrs) experience of a wildfire, at a minimum Alex should have removed any vegetation close enough to the house to spread the fire to it. Given that the cause of the fire is not mentioned, I don't hold him 100% responsible for the loss, but he does not deserve gratis compensation either. I could see using taxpayer funds to grant him a low-interest loan, but that would be the extent of it."
R_3LbXb9p5AfvgHLG,Primary × info,3,"mitigation, responsibility, public_burden","Alex didn't take action to protect his home from fire damage, therefore he is fully responsible for the cost. Taxpayers should not be responsible for damages to irresponsible homeowners' property."
R_2zcDcpWFleO0mXH,Primary × info,3,"mitigation, responsibility",Alex is not a child. He is an adult and knew the fire risks to his home. He should have changed the roof to a fireproof roof. He must assume the risk. It is his fault.
R_XKRmG3u3CPnsfFT,Primary × info,3,insurance,His own insurance should cover his loss
R_3Nx6alQ4DNsJKEh,Primary × info,2,"foreknowledge, responsibility","Homeowners need to take some responsibility. If an area has had wildfires in the past, the chance is high that it will happen again so Alex should have bought a fire-resistant roof"
R_3PRGRg8HmmBXaQa,Primary × info,2,public_burden,I favor government low interest loans but not grants. Everyone must decide on their willing to take on risk. Low interest loans would be a good way to support Alex
R_pE0B3HA0gWwVf9L,Primary × info,2,"mitigation, foreknowledge",He experienced a previous fire and did nothing to prevent the next fire.
R_eMbxNitnDFAPtq9,Primary × info,2,"insurance, public_burden",Government Taxes should not be used for this kind a damage since therte is insurance for it
R_1riaK6YIB02HHri,Primary × info,2,"insurance, responsibility",The homeowners need to take responsibility for purchasing flood insurance
R_2B8QSViKheBIAfX,Primary × info,2,"mitigation, responsibility",ALEX KNEW THAT THAT HIS HOME COULD EXPERIENCE A FIRE BUT DID NOT DO ANYTHING TO HELP HIS SITUATION. HE SHOULD BE LIABLE.
R_10DxPONJjT0IvzF,Primary × info,2,"mitigation, insurance",Alex should have insured his property and should have cleared vegetation
R_08NfB5eufU2FDi1,Primary × info,2,"mitigation, foreknowledge",After the disaster the first time and he did not change anything to protect it by cutting the weeds down putting fireproof roof it’s really it’s his fault
R_2COii6mdiXfwJpU,Primary × info,2,insurance,Insurance will cover this liss
R_OPPLsvtBBUtXNp7,Primary × info,2,"mitigation, insurance","Alex had not done what is prudent, if not required, action of a homeowner to mitigate loss. That is a standard legal concept in insurqnce regulation."
R_2aLkdj3PkaXwEfT,Primary × info,2,public_burden,not government's responsibility
R_svaz3BzVNh1Q2qJ,Primary × info,2,"mitigation, responsibility",He should have taken some responsibility for protecting his property.
R_2BwGGTCsiv5BXFq,Primary × info,2,"mitigation, insurance",I do no believe the government should have to compensate for damage since the house was uninsured and he did not take preparations to prevent or reduce damage to the house.
R_2z5sOBMiOISvgFK,Primary × info,2,"mitigation, insurance","He should have had insurance, and should have tried to remove vegetation from around his home.."
R_2vdMLTudWXGs5eC,Primary × info,2,"insurance, mitigation, public_burden",Alex' lack of insurance is not anyone else's problem. Plus he didn't fireproof his home.
R_3j0qbnJSrFoT4kx,Primary × info,2,"mitigation, foreknowledge",Because he knew that he lived in a high-risk area but did nothing to protect his home
R_3CJfm4EbzAC1lLv,Primary × info,2,"mitigation, responsibility",Because he was negligent and could have prevented the damage or alleviated it.
R_bKJmyAcfdVB2Ah3,Primary × info,2,"mitigation, responsibility",Alex was not prepared could have avoided this damages he was careless
R_ZC72U48QhfvhiqR,Primary × info,2,"insurance, public_burden",i don't think it is the government's responsibility to cover damages. insurance should cover that.
R_3fZA5RmnHgCKETC,Primary × info,2,"mitigation, foreknowledge",He knew it was possible for disaster to strike again and did not properly prepare
R_Uh9b99jB9SszXB7,Primary × info,2,"mitigation, insurance",Because he should have had more insurance and prepared his home and surroundings for another fire
R_1OwTCrYi7CiCPD1,Primary × info,1,"mitigation, responsibility",He failed to take homeowner precautions and so his decision caused his problem.
R_1FJt8sNYfzhNqRi,Primary × info,1,insurance,We all have to have insurance
R_1juDu0yzI1umicR,Primary × info,1,mitigation,Because Alex took no action to prevent his damage
R_2WTjnuwTNTNk5C3,Primary × info,1,"mitigation, foreknowledge",Because he was truly aware of the potential risk involved and refused to take preventive action
R_3fDIYfVL1swMd7u,Primary × info,1,mitigation,He did nothing to mitigate the fire damage.
R_pKLAdlNHKoVLg0V,Primary × info,1,mitigation,he did nothing to prevent a fire damage again
R_1MKuZbGgWyGZssg,Primary × info,1,responsibility,Owner risk.
R_PMTR51BFOPK52BX,Primary × info,1,"mitigation, foreknowledge",He knew a wildfire was a possibility so he should have taken precautions.
R_5j9VUxlVQjyGGJj,Primary × info,1,"insurance, foreknowledge",Better to get insure if live in danger zone.
R_3PpSV7kGsyjdI5z,Primary × info,1,public_burden,The government did nothing
R_2RODmALTg42dDkc,Primary × info,1,foreknowledge,"He had already experience a fire before,so he knew could happen again.He should have taken precautions from then on and did what he needed to do to help lower the chances of huge damages again"
R_ROVbDAZuqxblDiN,Primary × info,1,unclear,.
R_2eaPFqDQN0KrY73,Primary × info,1,mitigation,hE HAD VEGETATION AROUND HIS HOUSE AND DID NOT HAVE FIREPROOF SHINGLES ON THE ROOF
R_1KdLoNWIBpEC8nu,Primary × info,1,mitigation,He took no preventative action
R_3EssAivLsEkO2uv,Primary × info,1,insurance,She did not make her house fire resistant or buy fire insurance.
R_1FLmoX86njKeahG,Primary × info,1,mitigation,he should have made the recommended updates to his home and property. he could have easily at least removed the vegetation himself.
R_1pPzYpUa1LuHoTO,Primary × info,1,mitigation,He could have prevented the damage and didn't try
R_SUBWHBPPR4vTnrP,Primary × info,1,public_burden,don't want to waste tax payer funds for anything because these days they keep finding fraud and waste.
R_1FQZXMrbsVOlE1u,Primary × info,1,mitigation,He did not make easy improvements to area
R_2xQdoOBdaUlQNbq,Primary × info,1,mitigation,he should have taken precautions toprevent this
R_WiYLm3vl1yERYWZ,Primary × info,1,mitigation,he did nothing to mitigate a possible loss
R_2UVnBxJ5zE7ZeOs,Primary × info,1,responsibility,own fault
R_1iqHhuJrLc82WDh,Primary × info,1,"insurance, public_burden",Why should others pay for these guys when they didn't do anything to eleviate the problem nor take out insurance against this
R_3fxxgIc3QfcvpeN,Primary × info,1,mitigation,He should have at least tried to prevent
R_3Ph7EAEK2YZhUav,Primary × info,1,unclear,None
R_3NFlWDbbllh6NVW,Primary × info,1,mitigation,He could have done the basics like remove unwanted or unneeded vegetation from home and installed a better roof that would protect better
R_1CBKgsf7bGRpevn,Primary × info,1,mitigation,"There were things he could do for prevention, but he didn't."
R_Dq5LDenk8sxJFIt,Primary × info,1,mitigation,"He did not even remove vegetation. A new roof might've been out of his price range, especially if the roof was newer, ... but he couldve removed the""kindling"""
R_3sun5uFOMSEa1XL,Primary × info,1,mitigation,Removing vegetation is not that expensive
R_1kSkM4WHYvI9PjR,Primary × info,1,unclear,Im not sure
R_2BfE9RkIax6GCW2,Primary × info,1,mitigation,He should have removed the vegetation and installed fire proof roof
R_2fa34QRkE43sWAy,Primary × info,1,responsibility,owners responsibility
R_2wNbRn95Ks3iLa0,Primary × info,1,"mitigation, foreknowledge",He made no attempt to prevent from happening again
R_2uHZpLFUJaUaFYu,Primary × info,1,"insurance, foreknowledge",The fire five years ago should have prompted Alex to acquire insurance in case another wildfire took place.
R_vek3tRYOCqFvzWx,Primary × info,1,mitigation,Alex did not take any actions to prevent the loss.
R_3iWsb9yCfDHM4Rg,Primary × info,1,"mitigation, foreknowledge",He new that it was possible he could sustain damage if he did nothing to clean up around his house
R_xusEv76B9YfKvq9,Primary × info,1,insurance,If he doesn't carry insurane he should be respnsible for the loss
R_3HObOdKU6BFt837,Primary × info,1,insurance,he should have insurance
R_2pMF3HNz2fUP8aM,Primary × info,1,responsibility,owner is much more responsible
R_VKXYRuFGZMaB07D,Primary × info,1,mitigation,He didn’t fire proof as needed
R_1IWRs6VesI60qdR,Primary × info,1,insurance,Sam had the choice and he decided not to get insurance
R_1IrW6CL8RzovDzR,Primary × info,1,mitigation,He did not remove vegetation away from his house.
R_29vFmNmFPOgth4Z,Primary × info,1,mitigation,Alex didn't upgrade or prepare by removing vegetation.
R_1Yo5mmKevBidbr3,Primary × info,1,mitigation,He should have at least removed the vegetation around his house.
R_u2mwlD22jGKXEPf,Primary × info,1,responsibility,It was Sam's responsibility to make his home fire resistant.
R_28SS3MzpWhdf3rD,Primary × info,1,insurance,should have been insured
R_2QEZoEczyO71Op0,Primary × info,1,mitigation,did nothing to prevent this from happening
R_1IbW4ds4ZHTbxNE,Primary × info,1,mitigation,he neglected to remove vegetation from around the house and install fire-resistant roof
R_bkYH1827NSepmxz,Primary × info,1,foreknowledge,"Built in a fire prone area, he should be able to afford to fix it himself."
R_2P0TZJNIKKqeEP3,Primary × info,1,"mitigation, foreknowledge",hould have been proactive to protect homeespecially in an area prone to wildfires
R_2f9G1XXKb7aVpPc,Primary × info,1,mitigation,he shouldve installed the fire resistant roof
R_2rjfnBonUnS0OmA,Primary × info,1,mitigation,He should have taken preventive measures.
R_ZeKmZnM82scyYNj,Primary × info,1,insurance,Because after should have the proper insurance
R_VLx6J36uVx9lC3T,Primary × info,1,mitigation,Neglect to follow safety precautions on Alex's part.
R_28I3oOMpIrcSZOW,Primary × info,1,mitigation,Alex did not help himself and take the necessary precautions.
R_3Mgl587koI7wAWD,Primary × info,1,"mitigation, foreknowledge",He had went through a similar situation previously. He had time to prepare.
R_27kSbnrQBj0z2Bn,Primary × info,1,public_burden,Why should the government be responsible for something the homeowner should have taken care of /
R_30v04ZqWBcx10Oh,Primary × info,1,foreknowledge,Alex should have made an effort to prevent damage in the future after the first fire.
R_eFLiIClrhrnX1n3,Primary × info,1,mitigation,He could have taken sone precautions.
R_3dRGSVljCubMMMt,Primary × info,1,mitigation,Alex did not take even minimum precautions to prevent this
R_2c0ZGWuL5bKvKFV,Primary × info,1,mitigation,he did not even try to fire proof at all
R_2X5v59F5dcjMbWo,Primary × info,1,mitigation,Because he did not install a fire resistant roof or um clear the vegetation thingy whatever
R_0vMdFAtiGgR9LSV,Primary × info,1,foreknowledge,He was allegedly aware of the facts and made an informed decision.
R_WwbwsZ4LLVTYmat,Primary × info,1,"foreknowledge, mitigation",The home experienced fire damage in the past yet Alex didn't get fire resistent roof or clear vegetation
R_1rlInrR6ZlLUg2v,Primary × info,1,mitigation,Because he didn’t do what he needed to do to prevent it
R_1MQVBeJCvnBTQBa,Primary × info,1,responsibility,Bkuz it was his fault
R_2EGGPzIspptDrLt,Primary × info,1,insurance,He should have fire insurance
R_25MCcx8KrOvLkmM,Primary × info,1,"foreknowledge, mitigation",Alex knew he should’ve replaced his roof but did not
R_01JrTlTwBLhsE1z,Primary × info,1,foreknowledge,He likely knew the risk and gambled anyway
R_1ISezIB9DDqLU3m,Primary × info,1,foreknowledge,A fire already came through and he knew the risk
R_5tkrs8N7T1aikNP,Primary × info,1,"mitigation, foreknowledge",He didn't take precautionary steps to prevent it from happening again.
R_3LbPfhKF6cnOBXP,Primary × info,1,mitigation,Didn’t take the necessary precautions
R_3EbarI7xnlZmxCq,Primary × info,1,"responsibility, foreknowledge",Fire was a known issue and Alex did nothing to protect himself. He did not take care of his business
R_3jcco01MCmalwkE,Primary × info,1,mitigation,The precautions for damage remediation were not taken.
R_3maTPCGvfxciKoC,Primary × info,1,mitigation,"He took no actions to prevent damages being done to his home, he did not install fire resistant roofs or remove vegetation from around his home"
R_Zy6HBqo2ddZgKc1,Primary × info,1,responsibility,His negligence
R_2TLUC4N3X1oBv6i,Primary × info,1,insurance,Buy insurance if you want coverage
R_DkSFNMZ8FQ5fBPb,Primary × info,1,insurance,Because everyone should be required to have insurance . Not just certain people
R_3Q0l6zwjztex56v,Primary × info,1,public_burden,because it’s not their fault
R_3eb0e3ZhCeuww5b,Primary × info,1,mitigation,He could've taken more precautions
R_1eWRht09YB9pJc0,Primary × info,1,responsibility,pay your own items
R_Aj5I8UYmWSOIXBL,Primary × info,0,public_burden,We should not rely on the government
R_1Lj4C6Ywidy5uSK,Primary × info,0,unclear,"Sam lost his home,period."
R_2Xgo3j4mbckeWUa,Primary × info,0,mitigation,He could have avoided damage.
R_1kXOx1JXrTRgk36,Primary × info,0,unclear,depends on who caused the fire
R_1JDzP0PDdjB34Gh,Primary × info,0,"mitigation, foreknowledge","He didn't even attempt to make his home, which is located in an area that has a history of fire, more resistant to potential fire"
R_3r1dlhSPBItKCb3,Primary × info,0,mitigation,Should have tried to fire ptotect
R_1ojnMU1sUeIMK1Z,Primary × info,0,"foreknowledge, mitigation",He had the ability to make repairs to minimize fire damage. And he had been thru it before
R_1LdFQuAOBFu17Kx,Primary × info,0,mitigation,He didn't do what he needed to make his home less prone to wild fires.
R_r2q7LHlGYeHn4u5,Primary × info,0,mitigation,Alex should have taken the nessesary steps to help keep his house safe in fire situations
R_1rwCDlArtvIr935,Primary × info,0,mitigation,did not take care of conditions that could have caused fire damage
R_12orh6fICiSBlC6,Primary × info,0,public_burden,That should have it own fund
R_1hAW8hpxy4Qbv5C,Primary × info,0,mitigation,He didn't take proper measures
R_21tvxX1ePx5Lof0,Primary × info,0,"mitigation, foreknowledge",Alex had ample opportunity to make his house less vulnerable to this type of disaster. If there hadn't been a wildfire previously I may have felt differently.
R_2pSndwLpcluPvJh,Primary × info,0,public_burden,it isn’t worth it
R_3nAeeTzewDTDCG3,Primary × info,0,unclear,unsure yourself
R_1rNf7pj78tj8Dp0,Primary × info,0,mitigation,Living in this situation is risky and the owner should have installed some resistant measures
R_3fkRfrjRWRaX1C9,Primary × info,0,mitigation,He should have done the things to his property to help save it
R_1DSC7w2DooG7QzT,Primary × info,0,"responsibility, mitigation",It is his House and he knowingly should have done what was needed before knowing the consequences.
R_1nUEaY2ZJTt16qj,Primary × info,0,mitigation,he did not take proper action
R_1g1v6Qh1NI60x2Q,Primary × info,0,foreknowledge,No b the changing to h vvfc did 6⁵ was fvvcçecause it already happened in past and he didn't gtgt is
R_vrCgXj0nkSf71xn,Primary × info,0,mitigation,He didn't do anything to improve the situation.
R_3shtCFvtQVCJKkK,Primary × info,0,public_burden,Alex neglected their home others should not have to pay for Alex's ignorance
R_23WZyUlmQvNBaAC,Primary × info,0,mitigation,Because she should have used fire resistant supplies.
R_sioHIAcVWMnIg5b,Primary × info,0,"foreknowledge, mitigation",because he had a chance to try to fix it
R_9RAlmeBW2yNGz05,Primary × info × adapt,3,public_burden,It's not taxpayers responsibility to replace something lost by act of nature
R_3O0bexWPqi7TSLa,Primary × info × adapt,3,"public_burden, responsibility",This is an act of nature; the government is not responsible to compensate for that.
R_BEYsI7oaHF92ftL,Primary × info × adapt,3,insurance,Much of this depends on the area that Alex lives in. If a location where wildfire are prevalent and though proper caution was taken the insurance company if he has insurance would be responsible as the premium of the insurance should take this into account. The modification he did to his house is great but only for his attempt to possible not have his home and personal items inside destroyed in the event of a fire.
R_cA64K0OCkPiwCC5,Primary × info × adapt,3,"public_burden, insurance",It's not my responsibility or any other taxpayers responsibility. He should have gotten coverage
R_RwO84CuOW1yiNbP,Primary × info × adapt,3,insurance,Should have gotten insurance even though he did what he could to help protect his home
R_10UhB6VnDSy2kuk,Primary × info × adapt,2,"public_burden, insurance",Government cannot afford to compensate every property owner for every loss. Alex should have had homeowners or fire insurance.
R_1qfvg7NrpRr4JRm,Primary × info × adapt,2,"responsibility, insurance",Living in an area with wild fires is the responsibility of the homeowner and should get insurance to cover at lest part of the cost. People living in fir zones are somewhat irrespoible.
R_2VsjP3MJ7BBDLxF,Primary × info × adapt,2,responsibility,"I think if you choose to purchase a home in an area that you know has risks of natural disasters, that you must be prepared to lose your investment."
R_3IRyHVf3lrYpLdv,Primary × info × adapt,2,insurance,His insurance should cover it
R_7aqJMBDQFMyCgcV,Primary × info × adapt,2,"public_burden, insurance",It is not the fault of the government to be under insured.
R_2VqmlHcRgAx4tcB,Primary × info × adapt,2,public_burden,I do not think it is the responsibility of taxpayers to pay for another person's financial loss.
R_27doao1ui7riELY,Primary × info × adapt,2,public_burden,"Tax free loans maybe, but not more unless the government can be shown a libel due to a legal reason. failure to protect, direct damage due to a government plane crash."
R_DvQ5QGYlysYofZf,Primary × info × adapt,2,public_burden,Taxpayers shouldn’t be on the hook for something like that. I don’t expect taxpayers to be responsible for my losses.
R_1QcuWqlrljFJYLj,Primary × info × adapt,2,"insurance, public_burden",Should have purchased home owners insurance. Not the government's job to take care of any homeowner.
R_1E6teMCQZWbwipg,Primary × info × adapt,2,insurance,he has insurance
R_2SiwnD0FNzcVasO,Primary × info × adapt,2,"insurance, responsibility",He should purchase an amount of insurance he needs to recover his losses
R_Z8leJljdCU3ArgR,Primary × info × adapt,2,"insurance, public_burden","It's really the same scenario as Sam. I think the government should give 0% interest loans to everyone affected, but people have to account for emergencies- insurance or not."
R_1KxcGMc63C4IwUm,Primary × info × adapt,2,responsibility,We are responsible for protecting and maintaining our assets. Also we are given options to do so knowing there are risks involved.
R_1flWGaktTLNDRNb,Primary × info × adapt,2,insurance,Alex did not have any insurance. The only assistance from the government would be a low interest loan
R_1Gy8Ic4zheOS6OE,Primary × info × adapt,2,"insurance, public_burden",If the owner has no insurance then they don't have any value on their own home therefore the government should not use tax payer funds to compensate them
R_31RaBYUgTxAa5Lg,Primary × info × adapt,1,public_burden,Got. Should not be a sugar daddy
R_2X1y7eHKaAGjEui,Primary × info × adapt,1,unclear,thats life
R_D8DbSd8wyJCDuxj,Primary × info × adapt,1,insurance,Should have his own insurance
R_2PdGaqgzjrjB54X,Primary × info × adapt,1,mitigation,Should have done more
R_2RXhu6zAVjYfYGS,Primary × info × adapt,1,insurance,He should have insurance
R_SCs0t19YG0PPXmV,Primary × info × adapt,1,public_burden,Other people should not have to pay for your loss and you reap the benefits of a restored home.
R_3mjUrpk8bQfj6eI,Primary × info × adapt,1,public_burden,not fair to other tax payers
R_1r63SGbEJnSunt6,Primary × info × adapt,1,unclear,Some money but not all should be covered
R_3h3Iyhnu26zCbQD,Primary × info × adapt,1,insurance,Insurance?
R_1jHyGmsOqsanJ1j,Primary × info × adapt,1,insurance,He still should have had insurance
R_2TTTZamMlaL6CVG,Primary × info × adapt,1,unclear,Because it seemed like the right answer
R_0wcy9WlckHVCJIR,Primary × info × adapt,1,public_burden,Tax payer money is no to pay people back
R_1IMgwNv8xdSfOa0,Primary × info × adapt,1,public_burden,I don't think the tax payers should have to pay for everything
R_2VfQOyZomrGaA8T,Primary × info × adapt,1,insurance,He should have insurance if it was available on something that expensive
R_2D7k7qY2d731gnf,Primary × info × adapt,1,insurance,Because a person can choose (or required in case of a mortgage) to have insurance!
R_3jeZPZBcGd730xq,Primary × info × adapt,1,public_burden,Taxpayers money is their money
R_3oNNAg24TYyeLGK,Primary × info × adapt,1,insurance,He has no insurance on his house
R_1JKKNrBOJLiQ8e5,Primary × info × adapt,1,insurance,That is what insurance is for
R_2ZUNaVkDpzWml1s,Primary × info × adapt,1,insurance,Need insurance
R_2dED95Emz6XI9Bo,Primary × info × adapt,1,insurance,he should have bought insurance
R_2S6q2aSx63Ov1cw,Primary × info × adapt,1,insurance,Alex should also have insurance.
R_2fGUqChurlDNN7R,Primary × info × adapt,1,unclear,I am not sure
R_2WCpZ88mq9I4bPB,Primary × info × adapt,1,insurance,Homeowners policy should cover fire damage
R_0psb5d9MvG6qkWB,Primary × info × adapt,1,insurance,It should have been insured
R_2VHJt1tXTJ1RUmB,Primary × info × adapt,1,unclear,NONE
R_cI0itVmnoiweVEJ,Primary × info × adapt,1,public_burden,why should I have to pay for his damage? move to a different area
R_3oyDmQWOnxlS3cB,Primary × info × adapt,1,unclear,It was a natural cause
R_XyWmQkx5CyJToKR,Primary × info × adapt,1,insurance,He should have had insurance.
R_eXsZ2nXbmM1gOxX,Primary × info × adapt,1,insurance,He should have been insured!!!
R_6Pdnozw7CiqEZLr,Primary × info × adapt,1,insurance,He should have fire insurance .
R_2ffm3uHQ96vwSy6,Primary × info × adapt,1,"insurance, public_burden","because you should have insurance, not a goverment bail out"
R_1eJhxjOar6RVSj4,Primary × info × adapt,1,foreknowledge,He choose to live there
R_28AnHfP1Mn2nirQ,Primary × info × adapt,1,responsibility,Alex was at fault
R_3iJbA9rKDch6Ijw,Primary × info × adapt,1,insurance,Should’ve been insured
R_1eLuQ7mHhHEbkIi,Primary × info × adapt,1,"insurance, foreknowledge","He should insure it if that’s a known hazard in his area. But also, if it’s a big sweeping disaster I think government should step in like with Hurricane Helene, etc. but I also see how they can’t step in for every possible thing too."
R_3ML7HwcKXzAaSi6,Primary × info × adapt,0,responsibility,It is up to the individual
R_UxOnBRSZNNVHCO5,Primary × info × adapt,0,insurance,He should be covered byinsurance
R_3CC3nryoVN3P6VS,Primary × info × adapt,0,responsibility,no alex could have sold and moved
R_1OoC41ail36I2LM,Primary × info × adapt,0,responsibility,THE REASON IS HOME OWNERS ARE RESPONIBLE FOR ALL DAMAGES REGARDLESS OF NATURAL DISASTERS. THEY CAN APPLY FOR ASSISTANCE OR TAKE OUT LOANS TO REPAIR.
R_1fghQe1Y2geUfJr,Primary × info × adapt,0,public_burden,Too much government is so subject to fraud.
R_305yrW6ojvZr0Nm,Second home,4,"responsibility, public_burden",The govt should not be the insurance company for everyone. We all need to take responsibility for where we live and how we maintain our property.
R_3J3f3ld1YD90ETd,Second home,4,"mitigation, need",He has a regular home and was negligent in preparing the vacation home for the possibility of a fire or insuring it properly.
R_Ojxuor0ZkKsYGyd,Second home,3,responsibility,It is Alex’s responsibility to maintain and insure his property
R_3iOU4Z5L0uPOFPj,Second home,3,"wealth, insurance, mitigation",It looks like he could have afforded some insurance and even updated the roof on his vacation home and cleaned up the landscaping around the property.
R_2rw0f5JOv7NDusD,Second home,3,"insurance, responsibility",Govt cannot pay for damages because it should be the owners responsibility to make sure he has enough insurance coverage
R_31i5GKw0nDj50JD,Second home,2,"need, mitigation",it's a vacation home and he never did the maintenance to remove vegetation
R_3rGnVHAgwbFuibL,Second home,2,"mitigation, need",Because he took no precautions and it is a vacation home
R_2tsQAJRuz0LzCEl,Second home,2,"insurance, responsibility","we should not be responsible for his loss, that is what insurance is for"
R_1IfMt4GlGgyhGK5,Second home,2,"responsibility, public_burden",Homeowners need to be responsible. Irresponsible homeowners should not be reimbursed by taxpayers.
R_3CBBHmkVd4NURNL,Second home,2,"insurance, wealth",Because Alex old afford insurance
R_25ZQsrWC90xN7vI,Second home,2,responsibility,He was partially responsible. He should get some money
R_2c6eK6XjcBZiQb1,Second home,2,responsibility,You need to be responsible in mitigating your damages by doing all you can in preparation for what might happen
R_3PLJxi0Cdwxb8XL,Second home,2,responsibility,Personal responsibility. He was aware that even though there had been no fires in the area they could come but he chose to not do any midagatfion
R_1Nf4CkTSUj11CPG,Second home,2,"responsibility, mitigation",He should of had insurance and cleaned around his home
R_3hfEPsRuFn4ypGo,Second home,2,"responsibility, public_burden",Not the government responsibly
R_2Xb4OKi1VGdxzHz,Second home,2,"mitigation, responsibility",Because he could've taken proactive measures to save his place but he was lazy
R_2ePE4HLPhPJ6Yml,Second home,2,"mitigation, responsibility",Alex is at fault cause he didn’t try to clean up around his home.
R_Tbfh0WsTrE1UEyB,Second home,2,"mitigation, need","Because they did not do due diligence to try and prevent damage (like removing vegetation), and since it was not a primary home it is not as important (Alex has other arrangements) or impactful."
R_1d6m1x9XJGPbh8f,Second home,2,"mitigation, insurance",should have prepared better and have insurance
R_2pYRtohNecYwwKq,Second home,2,"mitigation, insurance",There were things he should done to help protect his property. People know they should buy home insurance
R_338tIGj7MXg7sC6,Second home,2,"mitigation, insurance",Property should have been maintained by clearing away brush that might ignite. He should have had fire insurance.
R_11XAkM6pSDZI1Nw,Second home,2,"responsibility, public_burden","the government (the people) should not cover you for your loss, that is your responsibility."
R_3JqQTHbnKyCw5jU,Second home,2,"insurance, public_burden",Government should not handle this as it should be handled by insurance
R_3Ja3OAcvVTeUHXV,Second home,2,"wealth, public_burden",Taxpayers should not be paying for vacation home repairs in any case. There are much greater needs.
R_3GEchgYC6a0FGbf,Second home,2,"mitigation, foreknowledge",The disasters were foreseeable and preventable. The Owners just presumed nothing would happen.
R_1eyqYk1KomkGbJL,Second home,2,mitigation,"If you choose not to take precautions, to provide safety for your home"
R_1LAMDVX0cBNWzUF,Second home,2,"mitigation, need",He has another home. He should have protected one
R_1gd4i8P4ptILfm2,Second home,2,responsibility,It’s the owner responsibility to safeguard his property
R_3dLj3ZqWKuTtEat,Second home,2,"mitigation, insurance","Because Alex should have cleared all the brush, from around his house, and installed a fire prevention rooftop. All so he should of had Insurance that covered fire, on his property."
R_TpG7fCh66qq25rz,Second home,2,responsibility,The individual is responsible for due diligence in protecting their property.
R_urGDTpfSIFh2I8h,Second home,2,responsibility,"alex did not maintain property what difference does it make if he owns other property, without maintenance that is his responsibility"
R_1DFEfX7yFPyvlhF,Second home,2,insurance,It’s your responsibility to buy insurance
R_28CjLXgkYs6HBNk,Second home,2,"mitigation, responsibility",Just because you have not experienced a fire before does not give you the right not to take precautions at that's why he's liable
R_1FKtSoo4b1jOWQ4,Second home,2,public_burden,Because taxpayers are not responsible for natural disasters or peoples’ negligence in defending against them
R_2UisZelnxSRpmbW,Second home,2,public_burden,Not the government responsibility
R_cOMFeVh3Sqw2MSd,Second home,2,public_burden,Because the government shouldn't be responsible for covering everybody's negligence
R_TdzlWjlJXQxRfSp,Second home,2,"wealth, insurance",Well if I could afford two houses they can afford insurance if they can afford to houses that cost that much they can afford insurance
R_2OJfzHZ3ScUGedx,Second home,1,mitigation,ALEX SHOULD'VE INSTALLED A FIRE-RESISTANT ROOF.
R_22FHhwd7Hhz6juZ,Second home,1,insurance,He could have bought insurance.
R_ZeH2mFRsNfYoRKV,Second home,1,mitigation,Alex was derelict in his home maintenace. In normal maintenance he should have removed vegetation for around his house. I have removed all vegetation from around my house.
R_1hZvvuEG8n0tSLV,Second home,1,mitigation,He should have prepared betterr
R_3HncWS4jcySn8l9,Second home,1,responsibility,It was his own fault
R_1QrZ1Wf0zHqb6Ky,Second home,1,need,Because it is not his primary home
R_1zFVPBCqt6pAuSl,Second home,1,unclear,not sure
R_1jZghjgebHzeEHC,Second home,1,insurance,He should have purchased insurance.
R_2w4ZVx8Caht59KW,Second home,1,insurance,he could have purchased insurance
R_1hAORpCTd09I9ju,Second home,1,insurance,He should of had adequate insurance
R_23ZXPSRXr0RqUHt,Second home,1,unclear,N/A
R_2Qs4SNWsPBWa7oK,Second home,1,mitigation,should have taken some precautions with maintenance
R_3D8aY4JQrj7yJw4,Second home,1,mitigation,He did nothing to try and prevent the loss
R_4Znp4XRTH6O5ueZ,Second home,1,mitigation,He didn’t take proper precautions
R_12okKo01W9JkoXa,Second home,1,unclear,I don’t know
R_brZeF0Am1avXZiF,Second home,1,mitigation,alex did not do proper preventative measures
R_27xGDEm96OmgH8B,Second home,1,public_burden,The Government should stop taxing the crap out of everything. Government is not your daddy Government should GTF out of our lives
R_ZkSEzMAFtQF0pup,Second home,1,mitigation,Due to Alex not installing a fire resistant roof or remove vegetation from around the house.
R_viYbfVmkIzSxLVf,Second home,1,mitigation,Alex did not install a fire-resistant roof or remove vegetation from around his house. Which would have put Alex in compliance to building code
R_2zekZccw1UZRvpR,Second home,1,mitigation,This individual should have taken some action to some what protect his property.
R_12MByBZqsoJfJdD,Second home,1,unclear,Unsure
R_ulc5tZKPE4FBsA1,Second home,1,unclear,Because
R_1flSm6dlGsa3uW6,Second home,1,mitigation,He didn't take action to prevent these natural disasters.
R_2tgITaAAi3cpgOL,Second home,1,"wealth, need",He has other assets
R_qEIErBjQH7Olgch,Second home,1,mitigation,He did not do anything to help prevent losing his home to a wildfire
R_9EnStaGd8BFRmXD,Second home,1,mitigation,Alex didn’t remove vegetation.
R_1q8QJgHvjlPLnd3,Second home,1,"wealth, need",other people should not have to help pay for damage on a vacation home
R_1dcLSzFi14cNmtI,Second home,1,responsibility,He was responsible
R_1qZZAZsHyAQ7v4P,Second home,1,"mitigation, need",Sam did not take proper care of his property. Also it is not a primary residence.
R_11bg7sawpckj3l0,Second home,1,responsibility,people are responsible for their own belongings
R_1obR4N5Dg0PSGPB,Second home,1,need,"Fire is always a danger, also, it is a vacation home not primary."
R_12G8LBULyEpSRh2,Second home,1,need,This home is only a vacation home.
R_1MWZpbGkKN1LdX4,Second home,1,mitigation,He took no steps to mitigate the damage
R_27NW0SeQ24B84pa,Second home,1,responsibility,Alex should take responsibility
R_3nVFYiENDOFsWa2,Second home,1,need,Vacation home
R_3017NrZMlCpZDEe,Second home,1,mitigation,She should take precautions to keep house update with fire protection roof and clear vegetation.
R_3nvE2pu3EFKVNK9,Second home,1,need,Not his primary residence
R_27JwmZimQSdMajM,Second home,1,"mitigation, foreknowledge",Alex was irresponsible in not preparing his property for natural disasters. Based on past events and where property was located Alex should have put a fireproof roof on the property and maintained landscaping.
R_3IQRSLo9jsTYtDH,Second home,1,public_burden,taxes cant pay for everything
R_22DP721dDlgZKmN,Second home,1,mitigation,he should have protected himself
R_2uIghba3murSi8P,Second home,1,responsibility,Alex did not act responsibly in taking care of his property
R_3gLz6tZrsHmCqCi,Second home,1,insurance,Should have insurance for the loss
R_30iqsWPXcAgmpgM,Second home,1,unclear,None
R_12KEvxpbtGvoKUD,Second home,1,mitigation,"Alex should have removed vegetation around his home to do preventative care on his home. Also, he could have installed a fire-resistant roof."
R_3p69Lf7BtRpSXch,Second home,1,foreknowledge,He took a risk
R_3jfIAe2tdk00jJF,Second home,1,insurance,He was uninsured
R_1cV4csDzpGgwiXt,Second home,1,mitigation,He did not do what was physically needed to mitigate risk
R_1DRStnFg2fvSpEa,Second home,1,mitigation,Because Alex was irresponsible and should have installed sprinklers
R_7Opzoxpd9EnWlZn,Second home,1,mitigation,Alex did not take precautionary measures to protect his home.
R_2dzjTCxHe3CJraX,Second home,1,responsibility,People need to be responsible for the things they own.
R_ahGGERc8h3vYhP3,Second home,1,need,he has more than one house
R_3CQ79fkuBSLznwL,Second home,1,mitigation,HE did not do everything he could to prevent damgae
R_bJeBngfM6rf23iF,Second home,1,mitigation,Sam did not take precautions to fireproof his property.
R_2vZJB52vQWxlBTB,Second home,1,mitigation,He never took reasonable precautions during upkeep of the property.
R_2WATJVcsT6KbA1I,Second home,1,insurance,You should have gotten the appropriate insurance that he needed
R_yjwXmKszO1DpFGV,Second home,1,insurance,because it was uninsured that's a total lose
R_3JhnPHcPTpsfxLb,Second home,1,mitigation,Because he didn’t do what he should have done to protect his property
R_248F7EaXYv7NRU1,Second home,1,need,"He owns another property, he doesn’t need a vacation home"
R_2gci3XUUZ7tX9Bv,Second home,1,mitigation,Alex didn't take appropriate precautions.
R_29mqnCVyQRNdp05,Second home,1,insurance,Maybe help a little to get him started. He should’ve had insurance to start
R_2Rb3fiNY4stMwwf,Second home,1,insurance,Sam has at least two houses. It looks like this was a rental property so he should have had coverage.
R_1N2qoQ6k7CgPw5h,Second home,1,foreknowledge,Alex know it was possible that it could happen so it's just something you just have to do
R_yDqpuMFqxbPDyBX,Second home,1,mitigation,Owner did not take preventative measures
R_1jeqqIhPqES82Rg,Second home,1,unclear,One because Alex had time 20 years to do this also I don’t think he should get absolutely nothing. I think the government should help assist with a little bit.
R_2aEaTvUHbTLGOSp,Second home,1,mitigation,He could have done those things
R_2aDpG03i6yPgGVA,Second home,1,need,He has two houses
R_33muHdP4B3ZEVc4,Second home,1,insurance,Homeowner's insurance should cover
R_2dAfgtNzo8f0CKR,Second home,1,mitigation,Because he didn't take the correct precautions to protect his house.
R_3QGH7oJxjFWHHwG,Second home,1,mitigation,He should have installed a fire resistant roof and removed vegetation.
R_xyirhs41CrQsLfP,Second home,1,unclear,Idk
R_1pWH2nqoZAvLrp1,Second home,1,mitigation,He could have had the vegetation removed to help protect his home and prevent it from burning.
R_3pcmzRWjYc4oaH4,Second home,1,unclear,It's true
R_2E4q7nRuyPfbeit,Second home,1,insurance,It should be covered by insurance
R_3e94du8CExAW83u,Second home,1,unclear,Not sure
R_3MfzUfe38CERmd9,Second home,1,insurance,Not having insurance
R_3ipSP0rjjOx6ZW5,Second home,1,responsibility,It is his fault man up pussy
R_2SAbqHHnq2A5c0U,Second home,1,mitigation,The homeowner did not do enough to protect his home.
R_2CrGFG0Zxnq6Dts,Second home,1,insurance,He should have had fire insurance on his property
R_1Cv9Oed4JNhWcK8,Second home,1,mitigation,He could have taken preventive measures.
R_zZFneIeGvByomE9,Second home,1,responsibility,Because it's no one else's responsibility but Alex's
R_bjPDKfccRV6JMQx,Second home,1,insurance,Because he did not submit an insurance application and did not take
R_3rPzEGx8YCNYuVD,Second home,1,mitigation,Alex did not take precautions to secure his property.
R_2wyKuvGCZCHuDKU,Second home,1,unclear,Taxpayer funds should be used for everyone
R_2qCzkB7lmU7iadH,Second home,1,need,It is a vacation home and not a home a person lives in all the time and needs.
R_9KXe8vSpyUsQC7D,Second home,1,need,Its not his primary resident
R_27kerDJcZvTHLxL,Second home,1,insurance,Because he didn't have any insurance
R_Xh6WcKYvjbds9eV,Second home,1,need,It’s a second property
R_1JEqBpv00tAU8jS,Second home,1,mitigation,he should clean the vegetation from around his house
R_12ulfIzRei9BJ25,Second home,1,responsibility,"Because it's his fault, no one elses"
R_3kLq0shm78KWvzj,Second home,1,mitigation,He didn't take preventive measures
R_wYm4xN7hyKynJ4Z,Second home,1,mitigation,Because Alex did not do any preventative measures.
R_3qV9yNBTF6Om972,Second home,0,responsibility,if one does not take are of his house then they should stand the loss
R_1DT1m4darOZvfAt,Second home,0,mitigation,didnt do things that would have possibly saved his home
R_1diyKxMlAhtatik,Second home,0,wealth,FIRST OF ALL HE OWNS MORE THAN 1 PLACE SO HE HAS $. LET HIM PAY
R_1SQayYJdOmCCJqx,Second home,0,mitigation,He didn't remove vegatation
R_3Oi7apPhZNw353A,Second home,0,public_burden,The public should not be expected to pay for alexs disregard of safty
R_3QRuYG4p5CRTxdv,Second home,0,"mitigation, foreknowledge",too many wildfires to not do fire migation
R_zdNbDxpraKU8zHr,Second home,0,mitigation,There are steps he should have taken to minimize damage
R_24BnQuEJbXUmXfP,Second home,0,need,He had another residence to go to
R_28SZ1DyTSC2W2Vs,Second home,0,mitigation,he chose to ignore basic saftey and good practice by not removing vegitation close to the house
R_eWDi1bd6wqy7rix,Second home,0,unclear,"We have no control over wildfires, due to it never happening I don’t believe he needed to do all the extra things to his home"
R_Ugb01aACZm1GjVT,Second home,0,unclear,The government should have some funds set aside for all natural disasters such as FEMA but try to come close to restoring the loss of damage to one's property
R_3fSOP2iYWKc4dSZ,Second home,0,responsibility,i dont think he inspected well.
R_vTDBxc5yn23tJW9,Second home,0,foreknowledge,He had a chance to reduce losses and didn't take it..
R_1jqeko4Vjjq3mOO,Second home,0,mitigation,The Unprovided care around the exterior of the house
R_3EEBNYtalY8rFmO,Second home,0,mitigation,Should have installed fire safety items
R_3KJSFtgSaCqROo9,Second home × info,3,"wealth, need","Because he has another (very expensive) home to go to. Vacation homes are not the same as primary residences, and if he can afford 2 expensive homes, he should've taken more precautions."
R_1ojB305LZgLur2R,Second home × info,3,public_burden,It's not the government's responsibility to pay for the negligence of an individual. Individuals need to be responsible to take care of their property including maintenance and prevention.
R_3gSfeAMH3l3qcUR,Second home × info,3,"foreknowledge, public_burden","If you know you live in an ""at-risk"" area for natural disaster, and take no efforts to mitigate damage, it should not be up to the tax payer to protect your losses when damage occurs."
R_2uQfEFZFWLHU4IB,Second home × info,3,"insurance, wealth, need, public_burden",He chose nit to insurance vacation home. We shouldn't have to pay for it
R_W0z7zv0WxNFCbol,Second home × info,3,public_burden,Why should taxpayers be responsible for Alex's failure to help protect his home?
R_3KAzVxQgZHxNoQq,Second home × info,3,responsibility,"The government didn't cauae the fire, and it's also not Alex's fault the fire occured, but it's still the owners responsibility. The fire roof and cleaning up his property might or might not have changed anything."
R_2zUxEf2I2ZgREmA,Second home × info,3,"foreknowledge, need","He knew the risk and yet took no precautions. Additionally, he has another home to live in."
R_3NEcM9H9hSCrEBG,Second home × info,2,foreknowledge,Because he knew it was possibility of having a wildfire so he should’ve been prepared
R_3ijRgNAVpxkuWgB,Second home × info,2,"insurance, responsibility",He didn’t put the insurance on the house it’s his fault and responsibility for that so therefore he shouldn’t get anything
R_2s0CTwoHZL5LWQV,Second home × info,2,"insurance, public_burden","Ultimately, the homeowner is responsible for the damage. And because he was not insured he cannot expect the government to bail and out."
R_25zGwfVjOiAtqFc,Second home × info,2,"mitigation, insurance",He wasn't insured and took no preventative measures to mitigate the damage.
R_1FCH8LGH2JmxZnH,Second home × info,2,insurance,Alex could have gotten insurance but decided not to. His fault.
R_22lT8wnlKQw7XGX,Second home × info,2,foreknowledge,Because he didn't do anything to help prevent any of the loss even though he knew the threat was very possible to occur again.
R_1loQRy27i9f8787,Second home × info,2,"responsibility, insurance",Take responsibility and pay for coverage.
R_3fjfEuMR3pQF1gP,Second home × info,2,mitigation,"Alex didn't do anything to prevent damage, so he is responsible for his loss."
R_1K12WS7CjlXgJop,Second home × info,2,public_burden,It isn’t the taxpayer’s responsibility to bail someone out for personal lises incurred
R_Y9rbd24uBck6B8Z,Second home × info,2,"public_burden, insurance","The government shouldn’t have to pay, he should have had insurance"
R_1LXKQAYTDGsi8QT,Second home × info,2,mitigation,He did not installed a fire resistant roof and should get insurance
R_1hKZHhSxUhKajeZ,Second home × info,2,insurance,I think that Alex should be responsible because he did not purchase insurance.
R_241SFe1Llk6O0oK,Second home × info,2,insurance,"He knew the area had a significant fire risk, yet, he went uninsured. I don't think the government should compensate him, but I would hope they could extend a low-interest loan."
R_1OJE9KQoHmMYwq9,Second home × info,2,wealth,Alex has a 2nd home and should be able to cover the damage himself.
R_PvxT6sP6E5uvcWd,Second home × info,2,"mitigation, responsibility",It was his fault for not preparing
R_1EakaIgvKJnrr4d,Second home × info,2,foreknowledge,Alex took no action to abate a foreseeable hazard.
R_1DURfZ4mqlaqeQi,Second home × info,2,"insurance, wealth",should have had a better insurance policy on a vacation home
R_1o27PrrnslPfSbl,Second home × info,2,public_burden,Taxpayers should not fund a homeowners lack of responsibility
R_3EWgOdlpiDawjO7,Second home × info,2,"mitigation, need",No fire-resistant roof installed and he has another place to live.
R_OfnZcAhzA3Bv9gl,Second home × info,2,"mitigation, need",He did not take the necessary precautions and he has another place to live.
R_Dw0fuLShUcwKy1X,Second home × info,2,public_burden,not government responsibility
R_22LglpJRJXYAFv1,Second home × info,2,insurance,Homeowners are responsible for insurance.
R_1OOXtrnRKaz0DQs,Second home × info,2,public_burden,The government should not be in the business of insuring people's property unless it is the one causing the loss to begin with.
R_p4pQ9IKEufo25Lb,Second home × info,2,foreknowledge,"wild fires are a known risk is many areas, so removing close vegetation and a fire resistant roof are things that should be done for a vacation home in wild fire areas"
R_2qfvn3jot0sUrsD,Second home × info,2,"foreknowledge, wealth",Alex lived in an area that had already been hit by wildfire and took no precautions to prevent damage if it happened again. He also has financial means to cover his property damage
R_3hxNwAJeYvfeOF3,Second home × info,2,foreknowledge,After the previous fire he didn’t take the necessary steps to protect the property
R_071dSEJ7lj9GG5j,Second home × info,2,public_burden,The government is not responsible for all this money now help a homeowner yes and make it possible to get funding
R_doMBWrA2wv5TS8h,Second home × info,2,"mitigation, need",He has a primary house and did not do any maintenance on his vacation home.
R_3PBt7n0TRXvwiLk,Second home × info,2,foreknowledge,If he knew the house was in an area where wildfire had recently occured and he didn't do anything to help prevent damages then he should be fully responsible
R_OkDzbXnoGMo6kyR,Second home × info,2,"mitigation, need",He could have helped mitigate the loss and it’s not his primary home
R_24co2nXMNPqNeRp,Second home × info,2,wealth,He has another house. Im sure he was able to afford home insurance
R_2wdGKcOFXEPJvdi,Second home × info,2,foreknowledge,"I said No because this homeowner didn't do even the most basic in removing vegetation from around this home. Living in a fire zone, this is not ever an option."
R_2VCmzUUwzmuHoYX,Second home × info,2,public_burden,It's not the government's responsibility
R_1ltOsk6eoQYX9v8,Second home × info,2,"insurance, mitigation",Alex did not care what happens in the future by not installing a fire-resistant roof and remove vegetation or increase insurance.
R_25sgRMcefpcD1ma,Second home × info,2,public_burden,I don't think tax payer should pay for insurance companies.
R_2aUK61ntTLeHroA,Second home × info,2,wealth,"Because if someone owns more than one home, especially in those price ranges, he or she can afford flood insurance. If it was someone who actually needed the assistance because they couldn’t afford flood insurance than the government should help"
R_OPZIZORiAPVGHRL,Second home × info,2,"need, mitigation","That was basically his fault when he could've made adjustments. Also he owns another home, so next time he know what to do."
R_2TEPvSFOgyScM0i,Second home × info,2,public_burden,It was Sam's fault for not getting the insurance not ours
R_1GIg7ql3UKw9PBm,Second home × info,2,public_burden,It's not tax payer responsibility it is his responsibility
R_3G7AfR9riUc64mu,Second home × info,2,mitigation,"Because Alex is responsible for the damage, he did not remove vegetation from around his house."
R_RKv8seT103OYGiJ,Second home × info,2,"foreknowledge, insurance",If he knew that was a fire zone he shouldve got insurance
R_2wmoeG1PnOLlXhU,Second home × info,1,mitigation,why did he not take these preventive measures?
R_1kZEKh57SxbLlAs,Second home × info,1,insurance,he should have had insurance
R_1gb7K2wclQWgG16,Second home × info,1,mitigation,Because Alex did not take necessary precautions to this from happening.
R_3g1LhMqiYu1ft3p,Second home × info,1,responsibility,Personal responsibility
R_1CJReM33pMlK2z5,Second home × info,1,mitigation,The Reason is that he should have taken care of things around the house to lower the risk of having a fire spead to his home. It would not have caught fire should he not have the brush around his house.
R_pbW2C6vvwtNflYZ,Second home × info,1,"mitigation, foreknowledge",Alex chose NOT to take key fire mitigation steps despite knowing the wildfire risk in his area.
R_qUfKqJqoIqTIfHr,Second home × info,1,insurance,No insurance
R_2wtb9RifCu07J8g,Second home × info,1,responsibility,He did not do anything to alleviate the risk so should bear the expense on his own. We need to start taking responsibility for our actions or our inactions.
R_Q65yuEV759PMBYB,Second home × info,1,mitigation,homeowner could have done more to fire proof home
R_ZpIvTMiwhgs917z,Second home × info,1,responsibility,He was negligent
R_1mEhOFODpgb6fvW,Second home × info,1,mitigation,"Had he done a bit of preventative things, maybe he would not of had any damage or very little"
R_3oGwg0dfWVUKoZy,Second home × info,1,mitigation,He took no reasonable care to mitigate the damage
R_2Qhp39fb2SktUaO,Second home × info,1,mitigation,He did not take adequate steps to prevent the damage
R_23a7R0ViJJjkadR,Second home × info,1,mitigation,He failed to take any protective measures
R_2aqQIguBlSgCb81,Second home × info,1,responsibility,Everyone has a responsibility to cover themselves
R_3QKKIKE42YO8nd7,Second home × info,1,need,It is not his primary residence
R_2rMZYBRKDfqVsE5,Second home × info,1,mitigation,he could have prevented
R_3ikAOzEXgmwti5I,Second home × info,1,unclear,He did prep his house for a fire
R_3rM6Hu5Rzd3QCrf,Second home × info,1,mitigation,Took no precautions.
R_3Ooghi518oMdMPT,Second home × info,1,foreknowledge,Home experience past fires
R_232zqAADhOFHjqG,Second home × info,1,unclear,i dont know
R_SSFifJPn7MPvBTP,Second home × info,1,mitigation,Alex was irresponsible by not installing a fire deterent roof
R_3oRC2tCNf6h5b4M,Second home × info,1,mitigation,They could have done something to minimize the damage
R_3hm6SaloLNBMVno,Second home × info,1,mitigation,He didn't take any action to prevent damage
R_W3AHfBB15ICyaVb,Second home × info,1,unclear,Had to pick one
R_3dY5zWDT9b5WOzm,Second home × info,1,responsibility,His responsibility
R_1kFAPVYhheOzCaa,Second home × info,1,public_burden,I've never heard of the government using taxpayer funds to subsidize a person's disaster to their home.
R_2QnR1AuEs1cyJGa,Second home × info,1,insurance,Same should have taken ourt the insuranxw ealier.
R_1GV25kA1ynEz7yu,Second home × info,1,mitigation,Alex didn’t install a fire resistant roof
R_2DLVLa9D1AoVmax,Second home × info,1,public_burden,Tax payer money is for things that benefit the whole not just one
R_2cjaKImniV5lxhu,Second home × info,1,foreknowledge,knew risk and did nothing
R_8uZhRnR3Q6y1IoV,Second home × info,1,unclear,Wildfire not equal to flood.
R_3E9Wp0wS6GGy6Wa,Second home × info,1,mitigation,Precautions that could have been taken were not.
R_1gcGqs3cGxvxNAN,Second home × info,1,public_burden,It's not responsibility of government to compensate
R_27ru5UO8rHIycHq,Second home × info,1,mitigation,He did nothing to protect his house
R_3HTyW6h7SXQwmNy,Second home × info,1,mitigation,He sustained damage because he didn’t take precautions.
R_snuLMeyw25z82fn,Second home × info,1,foreknowledge,The neighborhood experienced a wild fire 5 years previously. That's a wake up call to take preventative measures around the home.
R_27eE7CmZtBa9O7R,Second home × info,1,mitigation,Because Alex did not take the proper safeguard in place to protect the roof or remove the vegetation from the house.
R_2f35bo43wlhQreo,Second home × info,1,wealth,Alex has multiple houses and financially rich
R_3iLmkRlcM5V0FAd,Second home × info,1,public_burden,We must learn to take care of ourselves and not be nursemaided by the government.
R_2RRhbVC7eVWwotE,Second home × info,1,mitigation,He did nothing to help
R_1omZVbHPnz0eqCY,Second home × info,1,need,"Second home, not a necessity"
R_1QATF0eewb1x7xr,Second home × info,1,responsibility,Alex did not act responsibly with his property
R_3DngRNmCvPfvzH2,Second home × info,1,mitigation,He didn’t attempt to prevent it
R_r8AjgbodMBRebQd,Second home × info,1,mitigation,Alex did not take proper precautions to protect his home.
R_40LUiKhzYxCImMV,Second home × info,1,responsibility,it's his personal problem at most government could offer low interest loan to help
R_27I3Oy1I2h4zEcM,Second home × info,1,insurance,He was uninsured
R_3iL6oU9oY4jmOYx,Second home × info,1,mitigation,lack of mitigation by the owner
R_UuUd5PMTXUSKIb7,Second home × info,1,responsibility,it is his to lose
R_bJdudD6TcWmrQch,Second home × info,1,insurance,Because he was not insured
R_1LXTPJGa1FozLMq,Second home × info,1,mitigation,He should have taken precaution
R_ZIbHlf9Xz8DR9mh,Second home × info,1,mitigation,He didn't take precautions that he could have.
R_em2V4CiWGW18qcN,Second home × info,1,mitigation,Alex did not take necessary precautions to prevent fire.
R_tQ9GLRkLqGy3QoF,Second home × info,1,"mitigation, foreknowledge",Alex knew that he needed to install the fire proofing but did not do it. He had five years.
R_Rfu9LCoIDUOM4JX,Second home × info,1,insurance,He should have had insurance to cover this type of loss.
R_1eyQEvqQaAx7nJl,Second home × info,1,mitigation,He could have installed a fire-resistant roof and removed the vegetation from around the property to alleviate the chance of the property catching fire.
R_2QDU7qaX7B7rl5H,Second home × info,1,mitigation,Because he didn't clean up the brush and put on a fire resistant roof.
R_3KVj0v0g3NTw4NN,Second home × info,1,mitigation,Alex should have taken more precautions
R_ab27AD6uZTTlmNP,Second home × info,1,"insurance, foreknowledge",There was evidence of potential fire from previous years so Alex should have obtained insurance just in case.
R_23KC9kNq8fu9czL,Second home × info,1,mitigation,no preventive actions to reduce degree of damage evident by the owner
R_3McyIo5gbMe7Ctp,Second home × info,1,"mitigation, foreknowledge",He did not do anything to protect his property and he knew it could happen again
R_2eQDK2VlT7Oy33H,Second home × info,1,mitigation,Alex did not do enough to mitigate possible damage.
R_3Le7l5qFyGtsSgy,Second home × info,1,"mitigation, foreknowledge","The risk of another fire had already been proven, Alex should have taken simple steps to safeguard his property knowing this"
R_1qdM6bH5pXs6WO1,Second home × info,1,need,Because it’s a vacation home
R_3Op5lJ9h4VQs1jb,Second home × info,1,mitigation,There was no intentions to prevent fire damage
R_2e3ZblzufpDLe2B,Second home × info,1,unclear,Because it should be funded by the government
R_1HNwu3eRz0CueDT,Second home × info,1,mitigation,Alex did not install a fire-resistant roof or remove vegetation from around his house.
R_3Rfo68NDG8eRz2N,Second home × info,1,mitigation,He should have been more proactive in securing the area around his house.
R_1cZ0fttNTUZlZY1,Second home × info,1,mitigation,He didn't take any preventative measures
R_2rpbwu3B9tDgYIR,Second home × info,1,mitigation,he had the chance toinstall a fire resistant roof and or remove vegetation from around the house
R_vN2VVGiuV3UMfTz,Second home × info,1,mitigation,he did not remove vegetation.
R_2AKmx3kzx6UhvZe,Second home × info,1,insurance,"Alex needs to buy insurance for $250,000 damage"
R_schlOiEcS4Z2gzn,Second home × info,1,unclear,neutral
R_2XgOnMPeoz1Ipbb,Second home × info,1,mitigation,Did not do due diligence.
R_1QK3Siiief5GOmV,Second home × info,1,mitigation,Alex had the chance to fire proof his property
R_3qDtcOXqcfvuwaQ,Second home × info,1,need,Because he owns another house
R_297mpvFUd0IDc1H,Second home × info,1,insurance,He should have had insurance to cover some of the loss.
R_2f2NJqclQRBPONr,Second home × info,1,need,Not a primary residence
R_3ML5zT3HFujJGbd,Second home × info,1,mitigation,Alex should have cleaned up and replaced his roof
R_29iSAY9dubUFf4I,Second home × info,1,mitigation,Alex did nothing to mitigate chance of fire damagee
R_2P7sDvptr5PDP3X,Second home × info,1,insurance,He should have bought the insurance
R_1JJykO9iNIfshwO,Second home × info,1,"need, mitigation","It’s a vacation property, not his home and he didn’t improve the defensable space."
R_116AG2oZmI73rUh,Second home × info,1,foreknowledge,Alex know about the wildfire when it happened before and he chose not to unsure his house
R_um4ypDVwvsKlHLb,Second home × info,1,insurance,Alex should have bought his own insurance
R_10ZTftwdGjJW8Sx,Second home × info,1,mitigation,Alex should have removed the vegetation from his house
R_2Yfxb2q8pnEgtxr,Second home × info,1,mitigation,He didn't maintain the property.
R_2EioVB7FpjF5HJM,Second home × info,1,mitigation,he did nothing to prevent it
R_27foMdxOIkMJQ3q,Second home × info,1,responsibility,was his own fault
R_R3MwnkdvSYLkMsV,Second home × info,1,foreknowledge,Already had a fire
R_30cMwcPlyJPXBas,Second home × info,1,need,Because it is a second home
R_2VDwrT6eP3F8s8U,Second home × info,1,mitigation,He didn't take necessary precautions
R_3g5FTOkjl4zqqqt,Second home × info,1,mitigation,alex had the ability to mitigate the risk by taking preventive action. but he didn't do it.
R_3fqSWsMxsfonEYQ,Second home × info,1,mitigation,Alex did not take any precautions or do any preventative maintenance to avoid damage from the fire.
R_1dKertNYbsYlLlm,Second home × info,1,need,It's a vacation home not a primary home.
R_2z6bI89ByF2pMZm,Second home × info,1,insurance,It wasn't insured
R_28ONZckl7kZWvOh,Second home × info,1,responsibility,ALEX WAS NEGLIGENT
R_uwebLUFlVChdcUF,Second home × info,1,mitigation,He could have done more preventative things.
R_1OIEbM3ppCwQ1Ff,Second home × info,1,mitigation,He didn't install a fire proof roof
R_4UaDWUHTbRjaaAN,Second home × info,1,insurance,He should have an insurance in the house. Government should help to complete the portion insurance won't cover
R_2YmmewMzSofAT6V,Second home × info,1,insurance,Insurance companies should pay. FEMA is not for this.
R_2VroFliYJDKASLw,Second home × info,1,foreknowledge,Alex should of put fire suppression in his home after already experiencing a previous fire
R_1GUGpSp398wdrye,Second home × info,1,mitigation,Alex should do something to prevent this happens.
R_4Jfwgt5qEDottL3,Second home × info,1,"need, mitigation",It's a vacation home. He made no effort to make the property more fire resistant
R_1mDvu5XL2ckCd00,Second home × info,1,need,He has another home.
R_RDnINEaTwvlRhRL,Second home × info,1,need,Not the primary resident so not necessary the government should only help when it's primary residence
R_1nNocaS6jt8IGJj,Second home × info,1,need,Aid should be for primary residence only.
R_1jHXcNpanJTHQSj,Second home × info,0,foreknowledge,he should of known better
R_31bmgjcudPmh6k3,Second home × info,0,mitigation,he dint do anything to help
R_1hSDiju8IPbV1z0,Second home × info,0,foreknowledge,"He had an option to remedy the situation, he did not take it!"
R_1ltzh2NokkB74x5,Second home × info,0,foreknowledge,The risk was pretty high for another wildfire
R_3HZfR1pU0vZMHEh,Second home × info,0,public_burden,If you didnt buy indurance. Why should tax psyers have to pay for your house
R_2ATqYB9iA07DYgM,Second home × info,0,unclear,I just don’t feel they should.
R_UrlpxWat47DaquB,Second home × info,0,mitigation,He should have taken the steps to help reduce the damage.
R_23eloAqR7bWhgjY,Second home × info,0,public_burden,"He sould pay for it on his own, instead of expecting the government to"
R_u1HjUvzSC8PCmjv,Second home × info,0,public_burden,"I fully support a government loan but to fully replace, no. I'm certain that the government wouldn't replace my home"
R_1P5isF02WI1VL3D,Second home × info,0,unclear,It might not be wise to cover them
R_307bxZ4nihYi5lL,Second home × info,0,unclear,It's been damage .
R_3rOiC5hdR5weSu0,Second home × info,0,unclear,It's not entirely his or their money
R_2OYGMTICuoscTaV,Second home × info,0,insurance,He should have covered this type of losses.
R_2cvVnRPTdKe5MnS,Second home × info,0,unclear,don't know
R_2CQwBGovSsN2xVb,Second home × info,0,mitigation,He did nothing to reduce risks
R_2VkkFJoNaNd3t5n,Second home × info,0,unclear,There’s a difference between unreasonable and unreasonable understanding of a risk
R_1KpE7CnTSygHoWx,Second home × info,0,mitigation,Alex should have installed fire-resistant roofing.
R_2zknuMEe2DTDgli,Second home × info,0,responsibility,Make better decisions
R_2dQ0gm1RCUWjLGe,Second home × info,0,public_burden,People should not have to pay for someone else's mistake
R_01j6znM1vUrZCVz,Second home × info,0,mitigation,He didn’t try to fix anything
R_1lbrMobL5qVuS71,Second home × info × adapt,3,public_burden,I'm not a socialist. No taxpayer should ever be responsible for paying someone else's uninsured losses. Period.
R_27Wgk7cuH5s1a9X,Second home × info × adapt,3,insurance,Alex was responsible to buy insure to protect against losses such as this.
R_TttD2QedwJW88Ol,Second home × info × adapt,3,"public_burden, insurance","Tax payer funds should not be used for damages such as these. People can and should prepare and have insurance OR not build in those risky areas,"
R_3pnJbu14czuPTFq,Second home × info × adapt,3,public_burden,I am unsure how much his preventative measures helped minimize his loss. The government is not responsible for people to get full reimbursement for these types of damages
R_ZaeR7WosB0jUnDj,Second home × info × adapt,3,public_burden,It is not the taxpayer's responsibility to pay for private property that is uninsured.
R_31ZYUWMkNHI0lgW,Second home × info × adapt,3,public_burden,"If taxes would cover this cost, then more people would be uninsured knowing the government will Bail them out"
R_xAwQBlYpwTP1Qgp,Second home × info × adapt,3,wealth,"y primary reason is that Alex owns another property valued at $475,000, which suggests that he has financial resources to manage the loss without relying on taxpayer funds."
R_xz8OPFeZyDhGVZ7,Second home × info × adapt,3,insurance,Because insurance will cover his loss
R_4OdY3LkylDM6gcV,Second home × info × adapt,2,public_burden,Not the tax payers fault
R_3GdjuQfQxWX0Hrw,Second home × info × adapt,2,unclear,You said he took out insurance and B says it was not insured so was it insured or not?
R_1GWbKlXHoEv7XVs,Second home × info × adapt,2,public_burden,He should have adequate home insurance. If he chose to not get insurance then the burden should be 100% on him. The government should not rescue him.
R_OKeZhH23xccGqit,Second home × info × adapt,2,public_burden,it's not the tax payers responsibility
R_2X4o7DoTFGMnMjm,Second home × info × adapt,2,foreknowledge,He took a chance and lost. Just bad luck
R_1rArj2DFfBwOr2L,Second home × info × adapt,2,public_burden,damage compensation is not the government's responsibility
R_3j6FeVLl01XqgaX,Second home × info × adapt,2,responsibility,you should be responsible for yourself and have insurance to cover cost of face the music
R_1DA45CCR0QykCPN,Second home × info × adapt,2,public_burden,Because taxpayers should not be responsible for an individuals home.
R_2QWG03GIn5CRIcq,Second home × info × adapt,2,public_burden,Because the government isn’t responsible for the disaster. It is very unfortunate for them
R_3O1ckaDmvF70xmd,Second home × info × adapt,2,unclear,Alex had necessary precautions.
R_1mF9IlTZiyKTUwY,Second home × info × adapt,2,"need, wealth",Sam seems relatively well off and it is not his primary residence
R_1mnj8FqqZRd9eZi,Second home × info × adapt,2,public_burden,Not the government’s fault
R_4T9IYVOHLvVNxHX,Second home × info × adapt,2,"foreknowledge, insurance",Because it's happened before and he should of had insurance for the fires
R_z75Io3tj4Tq29dn,Second home × info × adapt,2,public_burden,tax payer should not pay for his loss
R_2qmDaPS8lOgNkCP,Second home × info × adapt,2,wealth,"He owns another property for 475,000. He should be able to pay for the damages himself."
R_33wD5NdoRcAbA9R,Second home × info × adapt,2,wealth,Because Alex owns numerous properties so he has money to repair himself and he should have Been paying for better insurance.
R_z6hWeBvDXt9dqut,Second home × info × adapt,2,"need, insurance",Its not a primary residence and Alex should have had insurance.l
R_3p6lH30SxCXuuK1,Second home × info × adapt,2,unclear,Because the government does not have many responsibilities.
R_2CUDZNo47vJzxAG,Second home × info × adapt,2,public_burden,Taxpayers shouldn’t be responsible for someone else’s loss
R_RWdEa6QdZEEtPPj,Second home × info × adapt,2,"need, insurance",Have to have insurance on your property if you want to get it rebuilt. It's a second home. He should have insured that property.
R_sSSeKStvrjEgSZj,Second home × info × adapt,1,insurance,Insurance is a reasonable expectation.
R_1fa7COXTnu6sZhd,Second home × info × adapt,1,public_burden,That's not what taxes are for
R_1NmEX03R5dfwuLs,Second home × info × adapt,1,insurance,No insurance taken out
R_31dh0aOon3yyFt5,Second home × info × adapt,1,insurance,Everyone should insure their property
R_3CKmaOa2x7j0Muf,Second home × info × adapt,1,insurance,He was uninsured
R_6tg47Ni9vb36EBr,Second home × info × adapt,1,insurance,He could have bought insurance.
R_u9BBDOb0DIcp79f,Second home × info × adapt,1,insurance,That's what insurance is for
R_2wTxpEwt8UCmMIY,Second home × info × adapt,1,need,Because it is a vacation home and not his primary home.
R_0CekWGx5oDo0c13,Second home × info × adapt,1,wealth,he seems to have money with expensive propertys
R_1mRhfpi1bdcqWTz,Second home × info × adapt,1,insurance,Need to get insurance
R_1n6KTlxLFTWDWfI,Second home × info × adapt,1,wealth,If this person could own two properties he should be able to buy insurance for them.
R_1240XppXJb9IrgW,Second home × info × adapt,1,responsibility,Not their fault.
R_3s7D9dKqWkl6KND,Second home × info × adapt,1,insurance,Why was he uninsured. There is no reason to not buy insurance.
R_0ex3yMTeezKSsbD,Second home × info × adapt,1,insurance,Alex should have purchased homeowners insurance coverage.
R_2S2bCVkKy6hMkXk,Second home × info × adapt,1,unclear,makes no sence
R_1Dr1mkuPriYJOEt,Second home × info × adapt,1,public_burden,no handouts
R_XLDah5TDhkg2YH7,Second home × info × adapt,1,insurance,I think he should of had some kind of insurance
R_2e86lkY4zDOeTNf,Second home × info × adapt,1,insurance,He didn’t purchase fire insurance
R_AvYcQXQ3ViQBZ05,Second home × info × adapt,1,wealth,Alex can cover the loss for the vacation home.
R_3FXMaSoNxzuYyH7,Second home × info × adapt,1,foreknowledge,When people live in an area where naturl disaers occur they have chosen to do so.
R_1pMAgMOOjo3wewd,Second home × info × adapt,1,foreknowledge,If you live in a area where there is risk of a disaster you're taking the chance on your own
R_3G86hR75R1N0L6C,Second home × info × adapt,1,public_burden,Why should taxes pay for their poor choice where to live
R_1f2RR7ZXd0waOxq,Second home × info × adapt,1,public_burden,Why would the government be responsible for any damage to the house?
R_22JpOzDeZHi2HkL,Second home × info × adapt,1,foreknowledge,"If you live where this can happen you take on the the problem of all thing that can happen, been there done that"
R_XMqdosf3vCIDlKh,Second home × info × adapt,1,insurance,He lives in the area that is known for wildfires. There should’ve been a separate policy for this.
R_2tg7FOOBlDvsTHa,Second home × info × adapt,1,responsibility,not my responsibility
R_3kptXhf9P6eKstH,Second home × info × adapt,1,insurance,He should have insured it
R_2Y4FD2VLJxgV7sg,Second home × info × adapt,1,need,Not primary home
R_2tfA1ST0KbldePp,Second home × info × adapt,1,insurance,He should of had fire insurance
R_1g70oWIlrqaz7nz,Second home × info × adapt,1,wealth,If he had enough money to buy two homes he should be able to pay for the damage own one home
R_3Jlzn1wylDGvWnp,Second home × info × adapt,1,need,"is a vacation home , and Alex has another house"
R_cumozxAZGJZeAKt,Second home × info × adapt,1,unclear,No
R_2ZR2BJD6LRfdrsh,Second home × info × adapt,1,unclear,Personal opinion
R_R9N2vexHC2jmaxH,Second home × info × adapt,1,need,Owns 2 homes
R_2CoZMEjSNPks3ur,Second home × info × adapt,1,public_burden,"I am kind of on the fence here. Because I feel like a fire is an international disaster, but I also feel like they shouldn't use the taxpayers money for this particular reason. It's hard to answer 100%. But I'm leaning towards no."
R_vqQhF3ThXgOHSrD,Second home × info × adapt,1,unclear,Because I can
R_shajzmInsMJs0Wl,Second home × info × adapt,1,insurance,He should have had insurance if he could not handle the loss
R_248ir4THAaRydYk,Second home × info × adapt,1,"foreknowledge, insurance",If Alex lived in an area known for wildfire he should have insurance. Otherwise he shouldn't live there.
R_2rMAPxHs3Xmkdo3,Second home × info × adapt,1,need,Because he has a primary residence
R_Wfk8i6BvMDCfQlz,Second home × info × adapt,1,public_burden,Not the governments problem
R_3nCMhF5KAMoUMiW,Second home × info × adapt,1,insurance,it was not insured
R_2zcKO97F07aJuU5,Second home × info × adapt,1,responsibility,He needs to more responsible
R_Uo4xWHLftK46W6B,Second home × info × adapt,1,insurance,He should have insured his property
R_1o0ENF6tKAMa33o,Second home × info × adapt,1,insurance,ALEX SHOULD HAVE BOUGHT INSURANCE
R_xDXmSdZ7Xiaw73r,Second home × info × adapt,1,wealth,I would say because there's too many other people that are.In need instead of buying some rich person's house
R_AzVQJcSuRl7NMCl,Second home × info × adapt,1,public_burden,"Because, What is not your money, you should never touch, what is not your money. find other ways, but not taxpayers, hard earned money!!"
R_ulZMNOezCz9qtYR,Second home × info × adapt,1,wealth,It is a vacation home which is an investment
R_2EnMmKpngZ2XAPl,Second home × info × adapt,1,foreknowledge,He bought in a high risk area
R_3ERl4XBNQUBZIRz,Second home × info × adapt,1,foreknowledge,Because it was a recurring event
R_pLbv9XhCMW4ZWzn,Second home × info × adapt,1,need,Vacation home not main residence.
R_Od49AGBcCq0cmqd,Second home × info × adapt,1,need,Vacation or non primary housing should not be compensated if not insured.
R_2TuxW2HRnRIfY2C,Second home × info × adapt,1,unclear,Not sure
R_1gimtyGgj0Dw8xb,Second home × info × adapt,1,wealth,He has resources to help him
R_2qkgObYUPeXmdbU,Second home × info × adapt,1,insurance,insurance
R_1NgZsmVEHxA0ss7,Second home × info × adapt,1,insurance,both did not invest in home insurance
R_21AOEbNxlZGqwWL,Second home × info × adapt,1,unclear,I don’t know that’s a lot of money for 1 person
R_PBtbuqX5m6GklJn,Second home × info × adapt,1,need,secondary home is a luxury not a need
R_Dkr2Vcm5RX8pYiJ,Second home × info × adapt,1,need,not primary property.
R_232JlYa7J166de1,Second home × info × adapt,1,responsibility,Becuase he doesn’t deserve it.
R_3OfgJ0wmYARVYM3,Second home × info × adapt,1,unclear,The government should provide ALEX THE MONEY to repair the damGe of his house.
R_3EciYD0DHkORrhr,Second home × info × adapt,1,"public_burden, foreknowledge","Alex decided to purchase a home in an area that experiences wild fires and as such, other taxpayers taxes should not be used at all to help Alex."
R_1hEaqE2aZZyTzmT,Second home × info × adapt,1,need,Secondary home
R_1LbqITFuIGBxKnU,Second home × info × adapt,0,unclear,npt relevant to me
R_3h5a0Lt2Hl1Y2qV,Second home × info × adapt,0,responsibility,It is her choice of buying and how she bought the house
R_3oYovhLOTNt71zL,Second home × info × adapt,0,foreknowledge,The previous situation occurred before. He should have research what was paid out earlier.
R_24OvF5e6war7tta,Second home × info × adapt,0,public_burden,They shouldn’t take our use government money
R_2VyTpsHkZp1C5xd,Second home × info × adapt,0,unclear,heavy us the head that wears the crown
R_3O1gJIdybDeQRVa,Second home × info × adapt,0,unclear,It’s just not plausible
R_2WM93fqOXeygf0O,NA,3,"mitigation, need, responsibility",it was his fault he didn't clear vegetation from around his house plus he has another property he can live in
R_2abEHAzo0QMS5FI,NA,1,responsibility,Your home is your responsibilty.
R_1gwiJ8blsPUSxnx,NA,1,mitigation,You have to protect your own assets.
R_3pmcVWZQdKstkEO,NA,1,mitigation,Fire is not quite an absolutely preventable thing.
R_33wjBiJz93ClPIv,NA,1,insurance,He should have fire insurance.
R_1gUUzeksSFzL7uz,NA,1,mitigation,The risk of a fire was plain to see. He should have taken the necessary steps to protect his property.
R_XmNrih1PPpH5o6l,NA,1,mitigation,Didn’t use preventative measures
R_1Kxytb7p0xzb8jF,NA,1,responsibility,Because Alex is responsible for damage .
R_d5poWti46CuPeud,NA,0,responsibility,Should have been smarter
R_XtUpQaOeL5fhvHz,NA,0,"foreknowledge, responsibility",He should have installed after the first fire
R_1ilApMLNzqzvibC,NA,0,responsibility,Bc it's his property not community
